iter	Logloss
0	0.6821021584
1	0.6735098675
